{"count":1,"self":381.2325376,"total":2266.4577696,"children":{"InitializeActuators":{"count":16,"self":0.0009989,"total":0.0009989,"children":null},"InitializeSensors":{"count":16,"self":0.0025069999999999997,"total":0.0025069999999999997,"children":null},"AgentSendState":{"count":709817,"self":76.342924799999992,"total":112.86384179999999,"children":{"CollectObservations":{"count":2271424,"self":0.3249474,"total":0.3249474,"children":null},"WriteActionMask":{"count":2271424,"self":0.2998048,"total":0.2998048,"children":null},"RequestDecision":{"count":2271424,"self":2.1058848,"total":35.896163,"children":{"AgentInfo.ToProto":{"count":2271424,"self":1.6896148,"total":33.790278199999996,"children":{"GenerateSensorData":{"count":2271424,"self":26.2393184,"total":32.100663499999996,"children":{"RayPerceptionSensor.Perceive":{"count":4542848,"self":5.8613456,"total":5.8613456,"children":null}}}}}}}}},"DecideAction":{"count":709817,"self":1695.9972352,"total":1695.9972289,"children":null},"AgentAct":{"count":709817,"self":76.1863104,"total":76.359647299999992,"children":{"AgentInfo.ToProto":{"count":11344,"self":0.0048671999999999995,"total":0.17333949999999998,"children":{"GenerateSensorData":{"count":11344,"self":0.1356008,"total":0.1684723,"children":{"RayPerceptionSensor.Perceive":{"count":22688,"self":0.0328715,"total":0.0328715,"children":null}}}}}}}},"gauges":{"Agent.CumulativeReward":{"count":11344,"max":22.0342827,"min":-10.7602091,"runningAverage":5.952789,"value":14.3479309,"weightedAverage":13.9860649}},"metadata":{"timer_format_version":"0.1.0","start_time_seconds":"1688674549","unity_version":"2022.3.1f1","command_line_arguments":"C:\\Program Files\\Unity\\Hub\\Editor\\2022.3.1f1\\Editor\\Unity.exe -projectpath C:\\Users\\jtorn\\Escritorio\\Dev\\Unity Games\\Shooter AI -useHub -hubIPC -cloudEnvironment production -licensingIpc LicenseClient-jtorn -hubSessionId 06f6ffc9-1bb9-4d91-9349-59f12f0aace9 -accessToken iphn4b-0wmRU4-61k-7j5E1YvykWYou6XDo0eFzRHag004f","communication_protocol_version":"1.5.0","com.unity.ml-agents_version":"2.0.1","scene_name":"SampleScene","end_time_seconds":"1688676815"}}