{
    "name": "root",
    "metadata": {
        "timer_format_version": "0.1.0",
        "start_time_seconds": "1688479197",
        "python_version": "3.9.16 (main, May 17 2023, 17:49:16) [MSC v.1916 64 bit (AMD64)]",
        "command_line_arguments": "C:\\Users\\jtorn\\anaconda3\\envs\\dodger\\Scripts\\mlagents-learn agent.yaml --run-id Attack1 --force",
        "mlagents_version": "0.30.0",
        "mlagents_envs_version": "0.30.0",
        "communication_protocol_version": "1.5.0",
        "pytorch_version": "2.0.1",
        "numpy_version": "1.21.2",
        "end_time_seconds": "1688479260"
    },
    "total": 62.9642206,
    "count": 1,
    "self": 10.004778099999996,
    "children": {
        "run_training.setup": {
            "total": 0.049056700000000175,
            "count": 1,
            "self": 0.049056700000000175
        },
        "TrainerController.start_learning": {
            "total": 52.9103858,
            "count": 1,
            "self": 0.033375799999902256,
            "children": {
                "TrainerController._reset_env": {
                    "total": 5.117852900000001,
                    "count": 1,
                    "self": 5.117852900000001
                },
                "TrainerController.advance": {
                    "total": 47.64582660000009,
                    "count": 4020,
                    "self": 0.03192779999972828,
                    "children": {
                        "env_step": {
                            "total": 46.99467590000023,
                            "count": 4020,
                            "self": 40.59588390000023,
                            "children": {
                                "SubprocessEnvManager._take_step": {
                                    "total": 6.375784400000052,
                                    "count": 4021,
                                    "self": 0.10509559999978446,
                                    "children": {
                                        "TorchPolicy.evaluate": {
                                            "total": 6.270688800000268,
                                            "count": 4021,
                                            "self": 6.270688800000268
                                        }
                                    }
                                },
                                "workers": {
                                    "total": 0.023007599999949058,
                                    "count": 4019,
                                    "self": 0.0,
                                    "children": {
                                        "worker_root": {
                                            "total": 23.27305500000002,
                                            "count": 4019,
                                            "is_parallel": true,
                                            "self": 9.653500600000122,
                                            "children": {
                                                "steps_from_proto": {
                                                    "total": 0.000584599999998936,
                                                    "count": 2,
                                                    "is_parallel": true,
                                                    "self": 0.00013929999999895415,
                                                    "children": {
                                                        "_process_rank_one_or_two_observation": {
                                                            "total": 0.0004452999999999818,
                                                            "count": 8,
                                                            "is_parallel": true,
                                                            "self": 0.0004452999999999818
                                                        }
                                                    }
                                                },
                                                "UnityEnvironment.step": {
                                                    "total": 13.618969799999899,
                                                    "count": 4019,
                                                    "is_parallel": true,
                                                    "self": 0.2548160999995268,
                                                    "children": {
                                                        "UnityEnvironment._generate_step_input": {
                                                            "total": 0.22408740000010852,
                                                            "count": 4019,
                                                            "is_parallel": true,
                                                            "self": 0.22408740000010852
                                                        },
                                                        "communicator.exchange": {
                                                            "total": 12.42394450000026,
                                                            "count": 4019,
                                                            "is_parallel": true,
                                                            "self": 12.42394450000026
                                                        },
                                                        "steps_from_proto": {
                                                            "total": 0.7161218000000025,
                                                            "count": 4019,
                                                            "is_parallel": true,
                                                            "self": 0.18264649999996418,
                                                            "children": {
                                                                "_process_rank_one_or_two_observation": {
                                                                    "total": 0.5334753000000383,
                                                                    "count": 16076,
                                                                    "is_parallel": true,
                                                                    "self": 0.5334753000000383
                                                                }
                                                            }
                                                        }
                                                    }
                                                }
                                            }
                                        }
                                    }
                                }
                            }
                        },
                        "trainer_advance": {
                            "total": 0.6192229000001301,
                            "count": 4019,
                            "self": 0.03329700000018487,
                            "children": {
                                "process_trajectory": {
                                    "total": 0.5859258999999453,
                                    "count": 4019,
                                    "self": 0.5859258999999453
                                }
                            }
                        }
                    }
                },
                "trainer_threads": {
                    "total": 8.000000022434506e-07,
                    "count": 1,
                    "self": 8.000000022434506e-07
                },
                "TrainerController._save_models": {
                    "total": 0.11332970000000131,
                    "count": 1,
                    "self": 0.0031827000000035355,